Title,Address,Borough/Neighborhood,Description,Category,Season/Episode,Year,Source
"Dexter: Resurrection","44 W. 63rd St, Manhattan","Upper West Side, Manhattan","Empire Hotel - Harrison works as bellhop; central plot location","TV","S1E1+","2024","https://www.seeing-stars.com/Dexter/Dexter_Resurrection/HarrisonsNewYorkHotel.shtml"
"Dexter: Resurrection","141 Flushing Avenue, Brooklyn","Red Hook, Brooklyn","Brooklyn Navy Yard loading dock where dismembered body parts are discovered","TV","S1E1","2024","https://www.seeing-stars.com/Dexter/Dexter_Resurrection/GarbageDump.shtml"
"Dexter: Resurrection","400 block Lafayette St (between E 4th St & Astor Pl)","Greenwich Village, Manhattan","Dexter and Mia walking south after wine bar date; she wears gray fur coat","TV","S1E5","2024","https://www.seeing-stars.com/Dexter/Dexter_Resurrection/Dexter&MiaWalkingInNewYork.shtml"
"Dexter: Resurrection","425 Lafayette St","Greenwich Village, Manhattan","The Public Theater - passed during walking scene","TV","S1E5","2024","https://www.seeing-stars.com/Dexter/Dexter_Resurrection/Dexter&MiaWalkingInNewYork.shtml"
"Dexter: Resurrection","419 Lafayette St","Greenwich Village, Manhattan","Barry's - where Dexter and Mia argue and break up","TV","S1E5","2024","https://www.seeing-stars.com/Dexter/Dexter_Resurrection/Dexter&MiaWalkingInNewYork.shtml"
"Dexter: Resurrection","35 W 45th St","Midtown, Manhattan","Cafe Manhattan - visible awning as Mia walks","TV","S1E5","2024","https://www.seeing-stars.com/Dexter/Dexter_Resurrection/Dexter&MiaWalkingInNewYork.shtml"
"Dexter: Resurrection","25-49 W 45th St","Midtown, Manhattan","Mia walks alone west on north side under sidewalk shed, passes Cafe Manhattan before entering cocktail lounge","TV","S1E5","2024","https://www.seeing-stars.com/Dexter/Dexter_Resurrection/Dexter&MiaWalkingInNewYork.shtml"
"Dexter: Resurrection","200 E. 205th St (at Lisbon Place)","Bedford Park, Bronx","Dark Passenger's apartment - Charley delivers invitation (Ep 1); Dexter breaks in to find evidence (Ep 3)","TV","S1E1, S1E3","2024","https://www.seeing-stars.com/Dexter/Dexter_Resurrection/DarkPassengersHome.shtml"
"Dexter: Resurrection","7th Ave & W 45th St","Midtown Manhattan, Times Square","Dexter arrives in NYC - driving into Times Square area with multiple Manhattan skyline shots","TV","S1E1","2024","https://www.seeing-stars.com/Dexter/Dexter_Resurrection/DexterArrivesInNewYork.shtml"
"Dexter: Resurrection","Columbia Ave & W 63rd St","Upper West Side, Manhattan","Dexter spots Harrison from across street at Empire Hotel; Lincoln Center visible in background","TV","S1E1","2024","https://www.seeing-stars.com/Dexter/Dexter_Resurrection/DexterFindsHarrison.shtml"
"Dexter: Resurrection","251 Fulton St","Lower Manhattan, Financial District","Taxi pickup queue outside Perelman Performing Arts Center where killer obtains ride and attacks driver","TV","S1E2","2024","https://www.seeing-stars.com/Dexter/Dexter_Resurrection/TheDarkPassengerHailsAVictim.shtml"
"Dexter: Resurrection","Franklin Street Station Subway (Downtown train)","Lower Manhattan, Financial District","Street-level subway entrance where Dexter emerges after chasing killer underground; signs changed to read 'York Street'","TV","S1E2","2024","https://www.seeing-stars.com/Dexter/Dexter_Resurrection/SubwayStation.shtml"
"Dexter: Resurrection","55 Ferris St","Red Hook, Brooklyn","Incinerator/abandoned foundry building where Dexter disposes of victim remains","TV","S1E3, S1E6","2024","https://www.seeing-stars.com/Dexter/Dexter_Resurrection/TheIncinerator.shtml"
"Dexter: Resurrection","Bethesda Terrace & The Lake, Central Park","Upper West Side/Midtown, Manhattan","Dexter meets Charley at Bethesda Fountain; she picks him up in Mercedes-Benz; features spectacular fountain and San Remo twin buildings","TV","S1E4","2024","https://www.seeing-stars.com/Dexter/Dexter_Resurrection/DexterMeetsCharley.shtml"
"Dexter: Resurrection","1 East 78th Street","Upper East Side, Manhattan","James B. Duke House - exterior of Leon Prater's mansion; actual location NYU Institute of Fine Arts","TV","S1E4, S1E9","2024","https://www.seeing-stars.com/Dexter/Dexter_Resurrection/PratersManhattanMansion-Exterior.shtml"
"Dexter: Resurrection","20 East End Avenue (parking entrance ~535 E 80th St)","Upper East Side, Yorkville, Manhattan","Gated driveway and parking courtyard of Prater's mansion; luxury condominium completed 2017","TV","S1E4","2024","https://www.seeing-stars.com/Dexter/Dexter_Resurrection/PratersManhattanMansion-Entrance.shtml"
"Dexter: Resurrection","168 W 46th Street / 1540 Broadway","Times Square, Midtown, Manhattan","Dexter buys hot dogs from street cart; electronic billboard on New York Marriott Marquis advertises Prater's gala","TV","S1E4","2024","https://www.seeing-stars.com/Dexter/Dexter_Resurrection/DexterBuysAHotDog.shtml"
"Dexter: Resurrection","70 Grand Street, Brooklyn","Williamsburg, Brooklyn","Aurora Brooklyn Italian restaurant - bar scene where Dexter meets Lowell 'The Tattoo Collector'","TV","S1E4","2024","https://www.seeing-stars.com/Dexter/Dexter_Resurrection/DexterMeetsWithLowell.shtml"
"Dexter: Resurrection","59 Grand Street Unit 1, Brooklyn","Williamsburg, Brooklyn","Atelier Eva tattoo shop (Silver Serpentine in show) - Lowell stalks Jules; kill room scene","TV","S1E4","2024","https://www.seeing-stars.com/Dexter/Dexter_Resurrection/TattooParlor.shtml"
"Dexter: Resurrection","155 W 43rd St","Times Square, Midtown, Manhattan","Brooklyn Diner - Angel Batista confronts Harrison; accused of murder involvement","TV","S1E4","2024","https://www.seeing-stars.com/Dexter/Dexter_Resurrection/AngelWarnsHarrison.shtml"
"Dexter: Resurrection","61 Wythe Ave, Brooklyn","Williamsburg, Brooklyn","Brooklyn Bowl - Dexter and Mia bowling and lounge conversation about family histories","TV","S1E5","2024","https://www.seeing-stars.com/Dexter/Dexter_Resurrection/BowlingAlley.shtml"
"Dexter: Resurrection","165 W 88th St, Manhattan","Upper West Side, Manhattan","Charley's townhouse - Dexter breaks in searching for information; Charley helps mother relocate to Massachusetts","TV","S1E9, S1E10","2024","https://www.seeing-stars.com/Dexter/Dexter_Resurrection/CharleysHouse.shtml"
"Dexter: Resurrection","410 Lafayette St","NoHo/East Village, Manhattan","Paid parking lot - Dexter retrieves M99 and hypodermic needle from car during date with Mia","TV","S1E5","2024","https://www.seeing-stars.com/Dexter/Dexter_Resurrection/ParkingLot.shtml"
"Dexter: Resurrection","45 W 45th St (off 5th Ave)","Midtown, Manhattan","Madame George speakeasy - Mia enters and approaches victim Marc; 1940s-inspired bar with modern cocktails","TV","S1E5","2024","https://www.seeing-stars.com/Dexter/Dexter_Resurrection/CocktailLounge.shtml"
"Dexter: Resurrection","55 N Moore Street, Tribeca","Tribeca, Manhattan","Mia's apartment - victim attack with wine bottle; restraint on X-cross; police raid; observation point rooftop at 117 Hudson","TV","S1E5","2024","https://www.seeing-stars.com/Dexter/Dexter_Resurrection/MiasApartment.shtml"
"Dexter: Resurrection","Front St at John St intersection, South Street Seaport","Lower Manhattan, Financial District","NYU information booth near Imagination Playground - Harrison picks up college recruitment flyer; discouraged by tuition","TV","S1E6","2024","https://www.seeing-stars.com/Dexter/Dexter_Resurrection/NYUbooth.shtml"
"Dexter: Resurrection","4 Fulton Street, Seaport District","Lower Manhattan, Financial District","McNally Jackson Books - Dexter follows Gareth upstairs to discover dead drop message in serial killer book","TV","S1E6","2024","https://www.seeing-stars.com/Dexter/Dexter_Resurrection/Bookstore.shtml"
"Dexter: Resurrection","6 East River Piers (1201 East River Greenway)","Lower Manhattan, Financial District","Downtown Manhattan Heliport on Pier 6 - helicopter scene reveals Gemini Killer is actually twins","TV","S1E6-S1E7","2024","https://www.seeing-stars.com/Dexter/Dexter_Resurrection/Heliport.shtml"
"Dexter: Resurrection","739 Broadway, Manhattan","Greenwich Village, Manhattan","Cozy Soup 'n' Burger restaurant - Harrison and Dexter at diner; Harrison discusses Elsa's landlord Vinny","TV","S1E6","2024","https://www.seeing-stars.com/Dexter/Dexter_Resurrection/Dexter-HarrisonRestaurant.shtml"
"Dexter: Resurrection","East 86th St & East End Ave, Manhattan","Upper East Side, Yorkville, Manhattan","Carl Schurz Park - John Finley Walk along East River; Harrison and Elsa converse while her son plays nearby","TV","S1E7","2024","https://www.seeing-stars.com/Dexter/Dexter_Resurrection/Harrison&ElsaInThePark.shtml"
"Dexter: Resurrection","185 W. Broadway, Manhattan","Tribeca, Manhattan","New York Law School (Collings College of Criminology in show) - exterior/lobby scenes; forensics lecture at Fordham","TV","S1E7, S1E8","2024","https://www.seeing-stars.com/Dexter/Dexter_Resurrection/CollingsCollegeOfCriminology.shtml"
"Dexter: Resurrection","Conservatory Water, Central Park (80 ft west of 74th St & 5th Ave)","Upper East Side, Manhattan","Model Boat Pond with Kerbs Memorial Boathouse - Elsa's son plays with remote-control sailboat; discusses landlord troubles","TV","S1E8","2024","https://www.seeing-stars.com/Dexter/Dexter_Resurrection/ModelBoatPond.shtml"
"Dexter: Resurrection","37 W. 14th St, Manhattan","Flatiron District, Manhattan","Wigs and Plus wig store - interior kill room scene with Vinny; Angel discovers plastic-draped room","TV","S1E8","2024","https://www.seeing-stars.com/Dexter/Dexter_Resurrection/WigShop.shtml"
"Dexter: Resurrection","14th St Subway Station (SW corner 14th St & 6th Ave)","Flatiron District/West Village, Manhattan","Angel Batista exits subway and walks toward wig shop; falsely identified as 49th Street Station in show","TV","S1E8","2024","https://www.seeing-stars.com/Dexter/Dexter_Resurrection/BatistaSubway.shtml"
"Dexter: Resurrection","234 W. 42nd St, Manhattan","Theater District, Times Square, Manhattan","Applebee's Grill + Bar - Dexter meets Harrison to discuss personal matter; Dexter stalks Broadway show target","TV","S1E8","2024","https://www.seeing-stars.com/Dexter/Dexter_Resurrection/Applebees.shtml"
"Dexter: Resurrection","226 W 46th Street, Manhattan","Theater District, Times Square, Manhattan","Outside Richard Rodgers Theatre where Hamilton performs - Dexter waits to watch crowds exit; tracks target leaving","TV","S1E8","2024","https://www.seeing-stars.com/Dexter/Dexter_Resurrection/HamiltonTheater.shtml"
"Dexter: Resurrection","44 W 63rd St, Manhattan","Upper West Side, Manhattan","Empire Rooftop Bar (8,000 sq ft) - Harrison and Gigi date; dancing, cocktails; Dexter phone conversation; panoramic city views","TV","S1E8, S1E9","2024","https://www.seeing-stars.com/Dexter/Dexter_Resurrection/Rooftop.shtml"
"Dexter: Resurrection","166 Franklin St (south side) / 112 Hudson St","Tribeca, Manhattan","Tribeca steakhouse exterior - Dexter and Harrison exit and walk down street; pass 155 Franklin (Taylor Swift's penthouse)","TV","S1E9","2024","https://www.seeing-stars.com/Dexter/Dexter_Resurrection/DexterAndHarrisonWalking.shtml"
"Dexter: Resurrection","Franklin St & Varick St (SW corner)","Tribeca, Manhattan","W 4th Street Subway Station entrance (actual: Franklin/Varick) - Dexter and Harrison enter; Angel follows but exits as doors close","TV","S1E9","2024","https://www.seeing-stars.com/Dexter/Dexter_Resurrection/4StSubway.shtml"
"Goodfellas","Neir's Tavern","Manhattan","Tavern exterior used; interior from different closed Tiki bar location","Film","","1990","Reddit: https://www.reddit.com/r/visitingnyc/comments/1qw3w44/"
"King Kong","Empire State Building, 5th Ave & 34th St","Midtown, Manhattan","Iconic climbing scene - King Kong climbs building","Film","","1933","Reddit: https://www.reddit.com/r/visitingnyc/comments/1qw3w44/"
"John Wick","Bethesda Terrace, Central Park","Upper West Side/Midtown, Manhattan","Action scene location in Central Park","Film","","2014","Reddit: https://www.reddit.com/r/visitingnyc/comments/1qw3w44/"
"Enchanted","Bethesda Fountain, Central Park","Upper West Side/Midtown, Manhattan","Featured fountain scene","Film","","2007","Reddit: https://www.reddit.com/r/visitingnyc/comments/1qw3w44/"
"The Joker, In the Heights, The Taking of Pelham 123","Transit Museum, Schermerhorn St","Brooklyn","Abandoned former transit station used as filming location for multiple productions","Film","","Various","Reddit: https://www.reddit.com/r/visitingnyc/comments/1qw3w44/"
"Ghostbusters","Columbus Circle","Midtown, Manhattan","Stay Puft Marshmallow Man scene location","Film","","1984","Reddit: https://www.reddit.com/r/visitingnyc/comments/1qw3w44/"
"Ghostbusters","New York Public Library (Stephen A. Schwarzman Building), 5th Ave & 42nd St","Midtown, Manhattan","Library scenes - iconic location","Film","","1984","Reddit: https://www.reddit.com/r/visitingnyc/comments/1qw3w44/"
"Elf","Lincoln Tunnel","Manhattan-New Jersey","Drive-through scene","Film","","2003","Reddit: https://www.reddit.com/r/visitingnyc/comments/1qw3w44/"
"Spider-Man","Joe's Pizza, Carmine St","Greenwich Village, Manhattan","Pizza shop featured in film","Film","","2002","Reddit: https://www.reddit.com/r/visitingnyc/comments/1qw3w44/"
"Almost Famous","Gramercy Park & Gramercy Hotel","Flatiron District, Manhattan","Filming in front of historic hotel","Film","","2000","Reddit: https://www.reddit.com/r/visitingnyc/comments/1qw3w44/"
"Ghostbusters, Spider-Man 2","Columbia University Library","Upper Manhattan","Library featured in both films; campus currently closed to public","Film","","1984, 2002","Reddit: https://www.reddit.com/r/visitingnyc/comments/1qw3w44/"
"Seinfeld","Monk Cafe (replica near Columbia University)","Upper Manhattan","Coffee shop location used for TV series","TV","","1989-1998","Reddit: https://www.reddit.com/r/visitingnyc/comments/1qw3w44/"
"Men in Black","Empire Diner","Manhattan","Featured diner location","Film","","1997","Reddit: https://www.reddit.com/r/visitingnyc/comments/1qw3w44/"
"Stuart Little","Ball field","Chelsea, Manhattan (23rd St & 10th Ave)","Sports scene location","Film","","1999","Reddit: https://www.reddit.com/r/visitingnyc/comments/1qw3w44/"
"The Devil Wears Prada 2","Black Rock building, 33rd St & 10th Ave (near Bella Abzug Park)","Chelsea, Manhattan","Back of building used for filming","Film","","2026","Reddit: https://www.reddit.com/r/visitingnyc/comments/1qw3w44/"
"You've Got Mail","Cafe Lalo, Manhattan","Upper West Side, Manhattan","Dessert spot featured in film (now permanently closed)","Film","","1998","Reddit: https://www.reddit.com/r/visitingnyc/comments/1qw3w44/"
"The Godfather Part II","Little Italy/Mulberry St area","Lower Manhattan","Don Fanucci in white suit walking scene","Film","","1974","Reddit: https://www.reddit.com/r/visitingnyc/comments/1qw3w44/"
"Once Upon a Time in America","DUMBO, Brooklyn","Brooklyn","Featured neighborhood scene","Film","","1984","Reddit: https://www.reddit.com/r/visitingnyc/comments/1qw3w44/"
"When Harry Met Sally","Katz's Deli, Houston St","Lower East Side, Manhattan","Famous 'I'll have what she's having' table scene","Film","","1989","Reddit: https://www.reddit.com/r/visitingnyc/comments/1qw3w44/"
"When Harry Met Sally","Washington Square Park","Greenwich Village, Manhattan","New Year's Eve scene","Film","","1989","Reddit: https://www.reddit.com/r/visitingnyc/comments/1qw3w44/"
"Men in Black","Flushing Meadows Corona Park","Queens","Alien landing site location","Film","","1997","Reddit: https://www.reddit.com/r/visitingnyc/comments/1qw3w44/"
"Men in Black","Natural History Museum Subway Station, 81st St","Upper West Side, Manhattan","Underground MIB location","Film","","1997","Reddit: https://www.reddit.com/r/visitingnyc/comments/1qw3w44/"
"Breakfast at Tiffany's","Multiple Manhattan locations","Manhattan","Walking tour of multiple film locations available","Film","","1961","Reddit: https://www.reddit.com/r/visitingnyc/comments/1qw3w44/"
"Joker","West 167th St (between Shakespeare Ave & Anderson Ave)","Bronx","Famous steps scene (currently under scaffolding with children's mural)","Film","","2019","Reddit: https://www.reddit.com/r/visitingnyc/comments/1qw3w44/"
"Manhattan","Queensboro Bridge (59th St Bridge)","Manhattan-Queens","Featured in opening of Woody Allen film","Film","","1979","Reddit: https://www.reddit.com/r/visitingnyc/comments/1qw3w44/"
"John Wick 3","Times Square","Midtown, Manhattan","Action scenes","Film","","2019","Reddit: https://www.reddit.com/r/visitingnyc/comments/1qw3w44/"
"John Wick 3","Chinatown","Lower Manhattan","Action scenes","Film","","2019","Reddit: https://www.reddit.com/r/visitingnyc/comments/1qw3w44/"
"John Wick","Cocoa Exchange (Hotel Continental)","Manhattan","Hotel Continental location","Film","","2014","Reddit: https://www.reddit.com/r/visitingnyc/comments/1qw3w44/"
"Ugly Betty","MetLife North Building","Midtown, Manhattan","Fictional headquarters of Mode magazine and Meade Publications","TV","","2006-2010","https://onlocationtours.com/locations/ugly-betty/"
"Ugly Betty","St. Regis Hotel","Midtown, Manhattan","Where Wilhelmina suggests stopping before opera with Alexis; King Cole Bar and Lounge with Old King Cole mural","TV","","2006-2010","https://onlocationtours.com/locations/ugly-betty/"
"Ugly Betty","Woolworth Building","Downtown, Manhattan","Graphic design firm and advertising company offices (Season 1); 57-story National Historic Landmark","TV","S1","2006-2010","https://onlocationtours.com/locations/ugly-betty/"
"Law & Order: SVU","Frederick Douglass Blvd & W 138th St","Upper Manhattan","Multiple filming dates - NYPD related scenes","TV","Current","2021-Present","On Location Ventures Calendar"
"Law & Order: SVU","63rd St & 5th Ave","Midtown, Manhattan","Multiple filming dates - street location","TV","Current","2021-Present","On Location Ventures Calendar"
"Law & Order: SVU","W 138th St (Frederick Douglass Blvd to Adam Clayton Powell Jr Blvd)","Upper Manhattan","Multiple filming dates - NYPD related scenes","TV","Current","2021-Present","On Location Ventures Calendar"
"Law & Order","Varick & Franklin","Tribeca, Manhattan","Law & Order filming location","TV","Current","1990-Present","On Location Ventures Calendar"
"Dexter","46th St & 7th Ave, Manhattan","Times Square, Midtown, Manhattan","Times Square area filming - current production","TV","Current","2024-Present","On Location Ventures Calendar"
"Dexter","28th St west down Ditmars","Astoria, Queens","Astoria Queens location - current production","TV","Current","2024-Present","On Location Ventures Calendar"
"Love Love","84-56 Woodhaven Blvd","Queens","Multiple filming dates","TV/Film","Current","2026","On Location Ventures Calendar"
"Love Love","114th St & 86th Ave","Queens","Multiple filming dates","TV/Film","Current","2026","On Location Ventures Calendar"
"Love Love","Columbus Circle","Midtown, Manhattan","Iconic intersection location","TV/Film","Current","2026","On Location Ventures Calendar"
"Love Love","Grand St & Essex St","Lower East Side, Manhattan","Orchard Street area","TV/Film","Current","2026","On Location Ventures Calendar"
"Regulars (aka Escorted)","55th St & 6th Ave","Midtown, Manhattan","Times Square area filming","TV/Film","Current","2026","On Location Ventures Calendar"
"Regulars (aka Escorted)","6th Ave & 54th St","Midtown, Manhattan","Times Square area filming","TV/Film","Current","2026","On Location Ventures Calendar"
"The Summers","27th St & Park Ave","Flatiron District, Manhattan","Multiple filming dates","TV/Film","Current","2026","On Location Ventures Calendar"
"Gordie","Ditmars & 19th St","Astoria, Queens","Multiple filming dates","TV/Film","Current","2026","On Location Ventures Calendar (credit: @levifishman)"
"Untitled Tennis Project","84-56 Woodhaven Blvd","Queens","Multiple filming dates","TV/Film","Current","2026","On Location Ventures Calendar"
"Untitled Tennis Project","18 Flushing Meadows","Flushing, Queens","Multiple filming dates","TV/Film","Current","2026","On Location Ventures Calendar"
"Untitled Tennis Project","USTA Billie Jean King National Tennis Center","Flushing, Queens","Tennis facility used for filming","TV/Film","Current","2026","On Location Ventures Calendar"
"Queeps","Boerum Hill Brooklyn (Smith St - PJs area)","Brooklyn","Multiple filming dates","TV/Film","Current","2026","On Location Ventures Calendar (credit: @The_Angry_Otaku)"
"MON X CRO","70th St & Lexington Ave","Upper East Side, Manhattan","Multiple filming dates","TV/Film","Current","2026","On Location Ventures Calendar"
"FS2","Green St & Grand St","Lower Manhattan","Multiple filming dates","TV/Film","Current","2026","On Location Ventures Calendar"
"CIA","26th St & 5th Ave","Flatiron District, Manhattan","Multiple filming dates","TV/Film","Current","2026","On Location Ventures Calendar"
"O Positive","E11th St & 2nd Ave","East Village, Manhattan","Multiple filming dates","TV/Film","Current","2026","On Location Ventures Calendar"
"NCIS: NY","97th & 102 Aves, 219-221 Streets","Queens","Multiple filming dates","TV","Current","2021-Present","On Location Ventures Calendar"
"Elsbeth","45th St & 2nd Ave","Midtown, Manhattan","Multiple filming dates - appears regularly","TV","Current","2024-Present","On Location Ventures Calendar"
"FBI","Hanover Square/Water St","Lower Manhattan, Financial District","Multiple filming dates","TV","Current","2023-Present","On Location Ventures Calendar"
"Gin Joint","Gramercy Park South","Flatiron District, Manhattan","Multiple filming dates","TV/Film","Current","2026","On Location Ventures Calendar"
"Queeps","Court St & Congress, Cobble Hill","Brooklyn","Multiple filming dates - Cobble Hill Brooklyn location","TV/Film","Current","2026","On Location Ventures Calendar (credit: @The_Angry_Otaku)"
"Elsbeth","W 104th St & Broadway","Upper West Side, Manhattan","Multiple filming dates - Broadway location","TV","Current","2024-Present","On Location Ventures Calendar (credit: @Tammy05242)"
"Keychain","130 William Street","Downtown, Manhattan","Multiple filming dates","TV/Film","Current","2026","On Location Ventures Calendar (credit: @kucksuelwhan)"
"Dexter","44th St & 9th Ave, Manhattan","Midtown, Manhattan","Multiple filming dates - Times Square area","TV","Current","2024-Present","On Location Ventures Calendar (credit: @richardupuy, @Tammy05242)"
"Dexter","31st St & Ditmars Blvd, Astoria","Astoria, Queens","Multiple filming dates - Astoria location","TV","Current","2024-Present","On Location Ventures Calendar"
"Keychain","John Jay College, New York","Upper West Side, Manhattan","Multiple filming dates - college location","TV/Film","Current","2026","On Location Ventures Calendar"
"Gordie","Bedford Ave & North 11 S, Brooklyn","Williamsburg, Brooklyn","Multiple filming dates","TV/Film","Current","2026","On Location Ventures Calendar"
"NCIS: NY","Vernon Boulevard next to Queensbridge Park","Long Island City, Queens","Multiple filming dates","TV","Current","2021-Present","On Location Ventures Calendar (credit: @Enrica510)"
"Law & Order: SVU","West St & Noble St, Brooklyn","Brooklyn","Multiple filming dates","TV","Current","2021-Present","On Location Ventures Calendar (credit: @IvanVasiliev)"
"Slip (probably Your Friends and Neighbors)","Park Ave & 50th St","Midtown, Manhattan","Multiple filming dates","TV/Film","Current","2026","On Location Ventures Calendar (credit: @gapgirl2000)"
"Anonymous (probably Asymmetry)","32nd St & Park Ave S","Flatiron District, Manhattan","Multiple filming dates","TV/Film","Current","2026","On Location Ventures Calendar (credit: @skidder)"
"FBI","19th & 23rd, Astoria","Astoria, Queens","Multiple filming dates","TV","Current","2023-Present","On Location Ventures Calendar (credit: @levifishman)"
"Myron Bolitar","Delancey & Chrystie","Lower East Side, Manhattan","Multiple filming dates - Chinatown area","TV/Film","Current","2026","On Location Ventures Calendar"
"Gin Joint","7th St & 2nd Ave","East Village, Manhattan","Multiple filming dates","TV/Film","Current","2026","On Location Ventures Calendar (credit: @pqdres, @IvanVasiliev)"
"CIA","Brighton 7 by Brighton Beach Avenue, Brooklyn","Coney Island, Brooklyn","Multiple filming dates - Beach location","TV/Film","Current","2026","On Location Ventures Calendar (credit: @terrybrunos)"
"BD","President St between Colombia & Van Brunt, Brooklyn","Red Hook, Brooklyn","Multiple filming dates - waterfront location","TV/Film","Current","2026","On Location Ventures Calendar (credit: @The_Angry_Otaku)"
"Magna","59th St & 10th Ave","Midtown, Manhattan","Multiple filming dates - Times Square area","TV/Film","Current","2026","On Location Ventures Calendar (credit: @SuperDanversEsq)"
"Gin Joint","110th St & 86th Ave, Queens","Queens","Multiple filming dates","TV/Film","Current","2026","On Location Ventures Calendar (credit: @Enrica510)"
"NCIS: NY","Henry St & Clark St, Brooklyn","Brooklyn Heights, Brooklyn","Multiple filming dates - waterfront area","TV","Current","2021-Present","On Location Ventures Calendar (credit: @VioletL_Phoenix)"
"CIA","68th St & Broadway","Upper West Side, Manhattan","Multiple filming dates - Broadway location","TV/Film","Current","2026","On Location Ventures Calendar (credit: @SuperDanversEsq)"
"Myron Bolitar","Warren St & Church St","Tribeca, Manhattan","Multiple filming dates - TriBeCa location","TV/Film","Current","2026","On Location Ventures Calendar (credit: @MensaLegend)"
"Unknown","Mysterious Bookshop, New York","Manhattan","Multiple filming dates - bookshop location","TV/Film","Current","2026","On Location Ventures Calendar (credit: @Glenn_sccc)"
